SenderReplyDiff,checkAttachments,subjReply,subjForward,subjNoOfWords,subjNoOfChar,subjVerify,subjDebit,subjBank,script_exist,checkPopup,checkJS,NoOnClick,html_exist,form_exist,noFunctionWords,avgDomainLength,noWords,check_suspend,check_verify,noOfURLs,noOfLinks,checkIP,checkAtSym,checkURLShorten,checkImg,checkPort,Phishing
0,0,True,False,8,50,False,False,False,False,0,0,0,True,False,2,0,57,False,False,1,0,1,1,1,0,1,1
1,0,False,False,4,23,False,False,False,False,0,0,0,True,False,14,42.5,317,False,False,4,2,1,1,1,2,1,1
1,1,False,False,6,41,False,False,False,False,0,0,0,True,False,9,36.1,1299,False,False,11,10,1,0,1,14,1,1
1,0,False,False,6,41,False,False,False,False,0,0,0,True,False,16,10.0,691,False,True,0,1,1,1,1,0,1,1
1,0,False,False,4,34,False,False,False,False,0,0,0,True,False,5,41.333333333333336,487,False,False,2,3,1,0,1,0,1,1
1,0,False,False,9,52,False,False,False,False,0,0,0,True,False,7,29.5,298,False,False,2,2,1,1,1,1,1,1
1,0,False,False,7,38,False,False,False,False,0,0,0,True,False,3,31.0,459,False,False,1,1,1,1,1,6,1,1
1,1,False,False,4,23,False,False,False,False,0,0,0,True,False,0,0,89,False,False,0,0,1,1,1,0,1,1
1,0,False,False,2,21,False,False,False,False,0,0,0,True,False,6,39.666666666666664,508,False,False,5,3,1,1,1,1,1,1
1,0,False,False,2,17,False,False,False,False,0,0,0,True,False,4,17.0,233,False,False,1,2,1,1,1,0,1,1
1,1,False,False,6,38,False,False,False,False,0,0,0,True,False,4,38.18181818181818,854,False,False,12,11,1,0,1,12,1,1
1,0,False,False,6,39,False,False,False,False,0,0,0,True,False,19,34.7,886,False,False,17,10,1,1,1,13,1,1
1,1,False,False,7,40,False,False,False,False,0,0,0,True,False,0,0,177,False,False,0,0,1,1,1,0,1,1
1,0,False,False,3,25,False,False,False,False,0,0,0,True,False,12,66.0,333,False,False,2,1,1,1,1,0,1,1
1,0,False,False,7,47,False,False,False,False,0,0,0,True,False,14,36.0,1167,False,False,13,5,1,1,1,9,1,1
1,1,False,False,5,35,False,False,False,False,0,0,0,True,False,14,35.42857142857143,1214,False,False,8,7,1,1,1,12,1,1
1,0,False,False,4,31,False,False,False,False,0,0,0,True,False,3,36.0,557,False,False,2,1,1,1,1,4,1,1
1,0,False,False,5,34,False,False,False,False,0,0,0,True,False,6,24.0,418,False,False,2,2,1,1,1,0,1,1
1,0,False,False,2,20,False,False,False,False,0,0,0,True,False,6,20.0,367,False,False,3,1,1,1,1,0,1,1
1,0,False,False,9,63,False,False,False,False,0,0,0,True,False,0,0,46,False,False,0,0,1,1,1,0,1,1
1,1,False,False,5,44,False,False,False,False,0,0,0,True,False,10,34.42857142857143,847,False,False,14,14,1,0,1,11,1,1
1,0,False,False,4,43,False,False,False,False,0,0,0,True,False,4,33.0,350,False,False,1,1,1,1,1,0,1,1
1,0,False,False,6,45,False,False,False,False,0,0,0,True,False,24,37.4,980,False,False,19,10,1,1,1,11,1,1
1,0,False,False,5,28,False,False,False,False,0,0,0,True,False,4,17.0,573,False,False,1,1,1,1,1,0,1,1
1,0,False,False,2,12,False,False,False,False,0,0,0,True,False,43,34.714285714285715,2262,False,False,13,7,1,1,1,8,1,1
1,0,False,False,3,23,False,False,False,False,0,0,0,True,False,14,26.0,829,False,False,19,10,1,1,1,11,1,1
1,0,False,False,3,22,False,False,False,False,0,0,0,True,False,4,64.66666666666667,144,False,False,7,3,1,1,1,1,1,1
1,0,False,False,7,38,False,False,False,False,0,0,0,True,False,37,36.42857142857143,1109,False,False,21,7,1,1,1,11,1,1
1,0,True,False,3,19,False,False,False,False,0,0,0,True,False,13,48.388888888888886,4442,False,False,88,18,1,1,1,65,1,1
1,0,False,False,6,49,False,False,False,False,0,0,0,False,False,0,0,0,False,False,0,0,1,1,1,0,1,1
1,1,False,False,6,50,False,False,False,False,0,0,0,True,False,0,0,382,False,False,0,0,1,1,1,0,1,1
1,1,False,False,3,24,False,False,False,False,0,0,0,True,False,1,0,1585,False,False,0,0,1,1,1,0,1,1
1,0,False,False,2,14,False,False,False,False,0,0,0,True,False,3,25.0,126,False,False,3,1,1,1,0,0,1,1
1,1,False,False,5,29,False,False,False,False,0,0,0,True,False,0,0,1787,False,False,0,0,1,1,1,0,1,1
1,0,False,False,1,11,False,False,False,False,0,0,0,True,False,0,76.0,116,True,False,1,1,1,1,1,0,1,1
1,0,False,False,7,42,False,False,False,False,0,0,0,True,False,11,38.45454545454545,991,False,False,12,11,1,1,1,12,1,1
1,0,False,False,6,41,False,False,False,False,0,0,0,True,False,3,49.0,34,False,False,1,1,1,1,1,0,1,1
1,0,False,False,9,53,False,False,False,False,0,0,0,True,False,19,38.0,277,False,False,2,1,1,1,1,1,1,1
1,0,False,False,3,19,False,False,False,False,0,0,0,True,False,5,28.0,103,False,False,2,1,1,1,1,0,1,1
1,1,False,False,2,13,False,False,False,False,0,0,0,True,False,0,0,367,False,False,0,0,1,1,1,0,1,1
1,1,False,False,5,40,False,False,False,False,0,0,0,True,False,0,0,3673,False,False,0,0,1,1,1,0,1,1
1,1,False,False,4,36,False,False,False,False,0,0,0,True,False,3,36.1,944,True,False,11,10,1,0,1,13,1,1
1,0,False,False,4,39,False,False,False,False,0,0,0,True,False,10,17.0,570,True,False,4,4,1,1,1,0,1,1
0,0,True,False,5,28,False,False,False,False,0,0,0,True,False,15,33.0,467,False,False,2,1,1,1,1,0,1,1
1,0,False,False,6,37,False,False,False,False,0,0,0,True,False,0,48.5,159,False,False,6,2,1,1,0,0,1,1
1,0,False,False,6,32,False,False,False,False,0,0,0,True,False,2,17.666666666666668,324,False,False,3,3,1,1,1,0,1,1
1,0,False,False,4,33,False,False,False,False,0,0,0,True,False,14,36.0,1168,False,False,13,5,1,1,1,9,1,1
1,0,False,False,2,21,False,False,False,False,0,0,0,True,False,7,0,250,False,True,1,0,1,1,1,0,1,1
1,0,False,False,3,14,False,False,False,False,0,0,0,True,False,0,50.666666666666664,141,False,False,5,3,1,1,1,1,1,1
1,0,False,False,6,30,False,False,False,False,0,0,0,True,False,10,6.0,275,False,False,3,2,1,1,1,2,1,1
1,0,False,False,4,39,False,False,False,False,0,0,0,True,False,10,18.0,532,True,False,3,3,1,1,1,0,1,1
1,0,False,False,4,33,False,False,False,False,0,0,0,True,False,14,36.0,1168,False,False,13,5,1,1,1,9,1,1
1,0,True,False,5,32,False,False,False,False,0,0,0,True,False,4,15.0,175,False,False,2,1,1,1,1,0,1,1
1,1,False,False,10,52,False,False,True,False,0,0,0,True,False,0,0,388,False,False,0,0,1,1,1,0,1,1
1,0,False,False,14,61,False,False,False,False,0,0,0,True,False,3,21.25,1118,False,False,4,4,1,1,1,1,1,1
1,0,False,False,4,28,False,False,False,False,0,0,0,True,False,7,22.0,348,False,False,2,2,1,1,1,0,1,1
1,0,False,False,4,33,False,False,False,False,0,0,0,True,False,4,35.0,382,False,False,5,2,1,1,1,1,1,1
1,0,False,False,5,29,False,False,False,False,0,0,0,True,False,11,45.0,401,False,True,8,5,1,1,1,3,1,1
1,1,False,False,4,29,False,False,False,False,0,0,0,True,False,15,39.0,2797,False,False,20,9,1,0,1,14,1,1
1,0,False,False,8,47,False,False,False,False,0,0,0,True,False,2,55.0,1308,False,False,1,1,1,0,0,0,1,1
1,1,False,False,8,49,False,False,False,False,0,0,0,True,False,0,0,583,False,False,0,0,1,1,1,0,1,1
1,0,False,False,2,24,False,False,False,False,0,0,0,True,False,0,31.0,82,False,False,1,1,1,1,1,0,1,1
1,1,False,False,5,29,False,False,False,False,0,0,0,True,False,0,0,417,False,False,0,0,1,1,1,0,1,1
1,0,False,False,2,14,False,False,False,False,0,0,0,True,False,6,47.0,647,False,False,1,1,1,1,1,0,1,1
1,0,False,False,4,25,False,False,False,False,0,0,0,True,False,6,27.0,249,False,False,4,1,1,1,1,0,1,1
1,0,False,False,6,41,False,False,False,False,0,0,0,True,False,0,0,19,False,False,2,0,1,1,1,1,1,1
1,0,False,False,4,25,False,False,False,False,0,0,0,True,False,2,0,26,False,False,1,0,1,1,1,0,1,1
1,1,False,False,3,32,False,False,False,True,1,1,3,True,True,104,27.483443708609272,5187,False,False,180,151,1,1,1,2,1,1
1,1,False,False,6,54,False,False,False,False,0,0,0,True,False,0,0,426,False,False,0,0,1,1,1,0,1,1
1,0,False,False,6,56,False,False,False,False,0,0,0,True,False,0,0,6,False,False,0,0,1,1,1,0,1,1
1,0,False,False,5,33,False,False,False,False,0,0,0,True,False,8,16.0,391,False,False,2,1,1,1,1,0,1,1
1,0,True,False,5,30,False,False,False,False,0,0,0,True,True,1,41.0,693,False,False,6,1,1,1,1,2,1,1
1,0,False,False,5,33,False,False,False,False,0,0,0,True,False,12,42.6,1135,False,False,13,5,1,1,1,9,1,1
1,0,False,False,5,40,False,False,False,False,0,0,0,True,False,0,23.0,190,False,False,3,1,1,1,1,1,1,1
1,0,False,False,5,36,False,False,False,False,0,0,0,True,False,7,50.0,439,False,False,1,1,1,1,1,0,1,1
1,1,False,False,8,53,False,False,True,False,0,0,0,True,False,5,42.0,413,False,True,7,7,1,1,1,6,1,1
1,0,False,False,1,13,False,False,False,False,0,0,0,True,False,9,40.0,252,False,True,1,1,1,1,1,0,1,1
1,1,False,False,9,52,False,False,False,False,0,0,0,True,False,0,0,434,False,False,0,0,1,1,1,0,1,1
1,0,False,False,3,26,False,False,False,False,0,0,0,True,False,8,29.0,180,False,False,3,1,1,1,1,0,1,1
1,1,False,False,7,56,False,False,False,False,0,0,0,True,False,0,0,406,False,False,0,0,1,1,1,0,1,1
1,0,False,False,5,41,False,False,False,False,0,0,0,True,False,5,41.333333333333336,490,False,False,3,3,1,0,1,0,1,1
1,0,False,False,2,22,False,False,False,False,0,0,0,True,False,13,50.0,318,False,False,4,2,1,1,1,2,1,1
1,1,False,False,5,41,False,False,False,False,0,0,0,True,False,0,0,323,False,False,0,0,1,1,1,0,1,1
1,0,False,False,1,4,False,False,False,False,0,0,0,True,False,19,34.7,886,False,False,17,10,1,1,1,13,1,1
1,0,False,False,2,9,False,False,False,False,0,0,0,True,False,1,0,59,False,False,1,0,1,1,1,0,1,1
1,0,False,False,9,63,False,False,False,False,0,0,0,True,False,11,49.785714285714285,875,False,False,36,14,1,0,1,10,1,1
1,0,False,False,6,41,False,False,False,False,0,0,0,True,False,3,49.0,34,False,False,1,1,1,1,1,0,1,1
1,0,False,False,4,35,True,False,False,False,0,0,0,True,False,3,8.0,229,False,False,2,1,1,1,1,0,1,1
1,1,False,False,5,53,False,False,False,False,0,0,0,True,False,15,36.666666666666664,1300,True,False,13,12,1,0,1,14,1,1
1,0,False,False,2,14,False,False,False,False,0,0,0,True,False,2,36.666666666666664,324,False,False,3,3,1,1,1,0,1,1
1,1,False,False,2,12,False,False,False,False,0,0,0,True,False,10,21.125,788,False,False,8,8,1,1,1,10,1,1
1,0,False,False,3,27,False,False,False,False,0,0,0,True,False,3,0,15,False,False,1,0,1,1,1,0,1,1
1,1,False,False,6,48,False,False,False,False,0,0,0,True,False,0,0,790,False,False,0,0,1,1,1,0,1,1
1,1,False,False,7,41,False,False,False,False,0,0,0,True,False,0,0,532,False,False,0,0,1,1,1,0,1,1
1,0,False,False,4,42,False,False,False,False,0,0,0,True,False,10,42.0,947,False,False,2,1,1,1,1,0,1,1
1,1,False,False,6,47,False,False,False,False,0,0,0,True,False,0,0,795,False,False,0,0,1,1,1,0,1,1
1,1,False,False,4,28,False,False,False,False,0,0,0,True,False,0,0,1472,False,False,0,0,1,1,1,0,1,1
1,0,False,False,3,20,False,False,False,False,0,0,0,True,False,0,16.0,195,False,False,4,1,1,1,1,1,1,1
1,0,False,False,9,59,False,False,False,False,0,0,0,True,False,15,44.5,305,False,False,2,2,1,1,1,0,1,1
1,0,False,False,5,46,False,False,False,False,0,0,0,True,False,5,0.0,461,False,False,1,1,1,1,1,0,1,1
1,0,False,False,4,24,False,False,False,False,0,0,0,True,False,3,0,30,False,False,1,0,1,1,1,0,1,1
1,0,False,False,4,33,False,False,False,False,0,0,0,True,False,27,50.42857142857143,1211,False,False,39,14,1,0,1,10,1,1
1,1,False,False,3,31,False,False,False,True,0,1,0,True,False,7,34.666666666666664,1114,False,False,6,6,1,1,1,2,1,1
1,0,False,False,6,36,False,False,False,False,0,0,0,True,False,2,22.5,245,False,False,3,2,1,1,1,3,1,1
1,1,False,False,9,52,False,False,True,False,0,0,0,True,False,0,0,357,False,False,0,0,1,1,1,0,1,1
1,0,False,False,2,17,False,False,False,False,0,0,0,True,False,5,12.5,270,True,False,4,4,1,1,0,2,1,1
1,0,False,False,4,27,False,False,False,False,0,0,0,True,False,16,8.0,395,False,False,9,1,1,1,1,1,1,1
1,1,False,False,3,29,False,False,False,False,0,0,0,True,False,7,0,755,False,False,0,0,1,1,1,0,1,1
1,1,False,False,6,56,False,False,False,False,0,0,0,True,False,10,37.5,1297,True,False,11,10,1,0,1,14,1,1
1,1,False,False,3,25,False,False,False,False,0,0,0,True,False,13,44.4,1228,False,False,10,5,1,0,1,2,1,1
1,0,False,False,2,20,False,False,False,False,0,0,0,True,False,8,18.0,1609,False,False,0,1,1,1,0,0,1,1
1,0,False,False,1,6,False,False,False,False,0,0,0,True,False,2,34.0,80,False,False,1,1,1,1,1,0,1,1
1,0,False,False,6,32,False,False,False,False,0,0,0,True,False,5,27.615384615384617,1000,False,False,54,13,1,0,1,12,1,1
1,0,False,False,3,21,True,False,True,False,0,0,0,True,False,25,54.0,417,False,False,4,2,0,1,1,2,1,1
1,1,False,False,5,33,False,False,False,False,0,0,0,True,False,9,36.1,1299,False,False,11,10,1,0,1,14,1,1
1,0,False,False,4,25,False,False,False,False,0,0,0,True,False,5,65.0,72,False,False,2,1,1,1,1,0,1,1
1,0,False,False,7,53,False,False,False,False,0,0,0,True,False,6,3.0,369,False,False,7,2,1,1,1,2,1,1
1,0,False,False,1,6,False,False,False,False,0,0,0,True,False,4,0,101,False,False,1,0,1,1,1,0,1,1
1,0,False,False,2,21,False,False,False,False,0,0,0,True,False,9,40.0,250,False,True,1,1,1,1,1,0,1,1
1,1,False,False,6,39,False,False,False,False,0,0,0,True,False,0,0,1136,False,False,0,0,1,1,1,0,1,1
1,0,False,False,10,76,False,False,False,False,0,0,0,True,False,6,14.0,293,False,False,1,1,1,1,1,0,1,1
1,1,False,False,9,52,False,False,False,False,0,0,0,True,False,10,33.642857142857146,843,False,False,16,14,1,0,1,11,1,1
1,0,False,False,3,25,False,False,False,False,0,0,0,True,False,4,24.0,223,False,False,1,1,1,1,1,0,1,1
1,0,False,False,4,30,False,False,False,False,0,0,0,True,False,11,29.0,804,False,False,1,1,1,1,1,0,1,1
1,0,False,False,4,24,False,False,False,False,0,0,0,True,False,12,27.0,1154,False,False,2,2,1,1,1,0,1,1
1,0,False,False,4,25,False,False,False,False,0,0,0,True,False,4,27.0,84,False,False,2,1,1,1,1,0,1,1
1,0,False,False,2,20,False,False,False,False,0,0,0,True,False,16,46.5,587,False,True,3,2,1,1,1,0,1,1
1,1,False,False,7,56,False,False,False,False,0,0,0,True,False,0,0,770,False,False,0,0,1,1,1,0,1,1
1,0,True,False,5,30,False,False,False,False,0,0,0,True,True,1,41.0,695,False,False,6,1,1,1,1,2,1,1
1,1,False,False,3,21,False,False,False,False,0,0,0,True,False,0,0,187,False,False,0,0,1,1,1,0,1,1
1,0,False,False,4,31,False,False,False,False,0,0,0,True,False,7,16.0,362,True,False,1,1,1,1,1,0,1,1
1,0,False,False,2,13,False,False,False,False,0,0,0,True,False,8,26.0,460,False,False,1,2,1,1,1,0,1,1
0,0,True,False,5,27,False,False,False,False,0,0,0,True,False,7,0,148,False,False,1,0,1,1,1,0,1,1
1,1,False,False,4,36,False,False,False,True,0,1,0,True,False,8,0,1061,False,False,0,0,1,1,1,0,1,1
1,1,False,False,1,12,False,False,False,False,0,0,0,True,False,1,0,1120,False,False,0,0,1,1,1,0,1,1
1,1,False,False,7,62,False,False,False,False,0,0,0,True,False,0,0,2378,False,False,0,0,1,1,1,0,1,1
1,0,False,False,10,53,False,False,False,False,0,0,0,True,False,22,44.36363636363637,1370,False,False,23,11,1,1,1,11,1,1
1,0,False,False,2,21,False,False,False,False,0,0,0,True,False,9,40.0,250,False,True,1,1,1,1,1,0,1,1
1,0,False,False,8,59,False,False,False,True,0,1,0,True,True,30,32.69230769230769,1675,False,True,22,13,1,1,1,15,1,1
1,1,False,False,2,15,False,False,False,False,0,0,0,True,False,0,0,752,False,False,0,0,1,1,1,0,1,1
1,0,False,False,3,28,False,False,False,False,0,0,0,True,False,0,63.0,83,False,False,1,1,1,0,1,0,1,1
1,0,False,False,3,20,False,False,False,False,0,0,0,True,False,3,19.5,405,False,False,2,2,1,1,1,0,1,1
1,0,False,False,6,35,False,False,False,False,0,0,0,True,False,3,0,235,False,False,1,0,1,1,1,0,1,1
1,0,False,False,6,49,False,False,False,False,0,0,0,True,False,43,41.0,1251,False,False,23,8,1,1,1,12,1,1
1,0,False,False,3,17,False,False,False,False,0,0,0,True,False,0,19.0,674,False,False,1,1,1,1,1,0,1,1
1,1,False,False,3,16,False,False,False,False,0,0,0,True,False,0,0,482,False,False,0,0,1,1,1,0,1,1
1,0,False,False,5,39,False,False,False,False,0,0,0,True,False,0,29.0,37,False,False,2,1,1,1,1,1,1,1
1,1,False,False,3,24,False,False,False,False,0,0,0,True,False,0,0,29,False,False,0,0,1,1,1,0,1,1
1,0,False,False,4,20,False,False,False,False,0,0,0,True,False,31,35.285714285714285,1135,False,False,23,7,1,1,1,12,1,1
1,0,False,False,3,24,False,False,False,False,0,0,0,True,False,9,62.0,252,False,False,1,1,1,1,1,0,1,1
1,1,False,False,5,34,False,False,False,True,0,1,0,True,True,113,27.195979899497488,3597,False,False,59,199,1,1,1,23,1,1
0,0,False,False,3,19,False,False,False,False,0,0,0,True,False,1,21.0,155,False,False,1,1,1,1,1,0,1,1
1,1,False,False,7,58,False,False,False,False,0,0,0,True,False,0,0,2118,False,False,0,0,1,1,1,0,1,1
1,0,False,False,8,49,False,False,False,False,0,0,0,True,False,0,0,47,False,False,0,0,1,1,1,0,1,1
1,0,False,False,5,38,False,False,False,False,0,0,0,True,False,9,64.0,265,False,False,2,1,1,1,1,0,1,1
1,1,True,False,6,32,False,False,False,False,0,0,0,True,False,0,0,744,False,False,0,0,1,1,1,0,1,1
1,0,False,False,4,25,False,False,False,False,0,0,0,True,False,8,64.0,104,False,False,1,1,1,1,1,0,1,1
1,0,False,False,11,71,False,False,False,False,0,0,0,True,False,6,37.5,367,False,False,8,2,1,0,1,2,1,1
1,0,False,False,9,49,False,False,False,False,0,0,0,True,False,25,45.0,341,False,False,4,1,1,1,1,1,1,1
1,1,False,False,5,31,False,False,False,False,0,0,0,True,False,0,0,3131,False,False,0,0,1,1,1,0,1,1
1,0,False,False,3,22,False,False,False,False,0,0,0,True,False,6,21.0,75,False,False,2,1,1,1,1,0,1,1
1,1,False,False,10,75,False,False,False,False,0,0,0,True,False,0,0,12,False,False,0,0,1,1,1,0,1,1
1,0,False,False,11,71,False,False,False,False,0,0,0,True,False,6,63.0,973,False,False,8,1,1,1,1,7,1,1
1,0,False,False,2,20,False,False,False,False,0,0,0,True,False,16,41.333333333333336,687,False,True,5,3,1,1,1,1,1,1
0,0,False,False,9,45,False,False,False,False,0,0,0,True,False,0,39.0,75,False,False,2,1,1,1,1,1,1,1
1,0,False,False,5,40,False,False,False,False,0,0,0,True,False,11,36.2,942,False,False,17,10,1,1,1,13,1,1
1,0,False,False,6,34,False,False,False,False,0,0,0,True,False,0,0,59,False,False,0,0,1,1,1,0,1,1
1,0,False,False,6,39,False,False,False,False,0,0,0,True,False,11,38.45454545454545,992,False,False,12,11,1,1,1,12,1,1
1,1,False,False,8,53,False,False,True,False,0,0,0,True,False,5,46.142857142857146,413,False,True,7,7,1,1,1,6,1,1
1,0,False,False,1,4,False,False,False,False,0,0,0,True,False,2,35.0,109,False,False,1,1,1,1,1,0,1,1
1,1,False,False,7,43,False,False,False,False,0,0,0,True,False,0,0,66,False,False,0,0,1,1,1,0,1,1
1,0,False,False,6,34,False,False,False,False,0,0,0,True,False,8,69.0,102,True,False,3,1,1,1,1,1,1,1
1,0,False,False,3,21,False,False,True,False,0,0,0,True,False,14,57.333333333333336,476,False,True,5,3,1,1,1,1,1,1
1,0,False,False,10,65,False,False,True,False,0,0,0,True,False,53,4.8,1572,False,True,4,10,1,1,1,4,1,1
1,1,False,False,6,38,False,False,False,False,0,0,0,True,False,0,0,427,False,False,0,0,1,1,1,0,1,1
1,0,False,False,2,21,False,False,False,False,0,0,0,True,False,12,9.0,861,False,False,0,2,1,1,1,0,1,1
1,0,False,False,6,47,False,False,False,False,0,0,0,True,False,10,53.0,144,False,False,2,1,1,1,1,1,1,1
1,1,False,False,7,57,False,False,False,False,0,0,0,True,False,7,70.0,383,False,False,2,1,1,1,1,1,1,1
1,0,False,False,5,37,False,False,False,False,0,0,0,True,False,9,127.0,488,False,False,8,4,1,0,1,2,1,1
1,1,False,False,3,32,False,False,False,True,1,1,3,True,True,111,27.483443708609272,5223,False,False,180,151,1,1,1,2,1,1
1,0,False,False,11,67,False,False,False,False,0,0,0,True,False,5,134.0,292,False,False,1,1,1,0,1,0,1,1
1,0,False,False,4,25,False,False,False,False,0,0,0,True,False,4,39.0,78,False,False,2,1,1,1,1,0,1,1
1,0,False,False,8,40,False,False,False,False,0,0,0,True,False,10,9.0,944,False,False,2,1,1,1,1,0,1,1
1,0,False,False,4,24,False,False,False,False,0,0,0,True,False,15,43.4,1165,False,False,13,5,1,1,1,9,1,1
1,1,False,False,11,94,False,False,False,False,0,0,0,True,False,2,0,4393,False,False,0,0,1,1,1,0,1,1
1,0,False,False,16,69,False,False,False,False,0,0,0,True,False,25,42.2,600,False,False,16,5,1,1,1,8,1,1
1,0,False,False,5,32,False,False,True,False,0,0,0,True,False,12,79.66666666666667,341,False,False,5,3,1,1,1,2,1,1
1,0,False,False,6,45,False,False,False,False,0,0,0,True,False,8,55.0,188,False,False,3,1,1,1,1,1,1,1
1,0,False,False,1,12,False,False,False,False,0,0,0,True,False,16,46.5,633,False,True,3,2,1,1,1,0,1,1
1,0,False,False,7,48,False,False,False,False,0,0,0,True,False,4,40.0,369,False,False,4,2,1,1,1,0,1,1
1,0,False,False,7,61,False,False,False,False,0,0,0,True,False,20,36.1,1191,True,False,23,10,1,0,1,14,1,1
1,0,False,False,5,41,False,False,False,False,0,0,0,True,False,20,12.0,273,False,False,2,1,1,1,1,1,1,1
1,0,False,False,5,40,False,False,False,False,0,0,0,True,False,44,35.5,1084,False,False,5,8,1,1,1,18,1,1
1,1,False,False,6,38,False,False,False,False,0,0,0,True,False,14,35.285714285714285,1213,False,False,8,7,1,1,1,12,1,1
1,0,False,False,4,31,False,False,False,False,0,0,0,True,False,4,40.0,405,False,False,3,1,1,1,1,0,1,1
1,0,False,False,4,24,False,False,False,False,0,0,0,True,False,15,43.4,1165,False,False,13,5,1,1,1,9,1,1
1,0,False,False,4,31,False,False,False,False,0,0,0,True,False,8,21.0,412,False,False,1,1,1,1,0,0,1,1
1,1,False,False,3,32,False,False,False,True,1,1,3,True,True,104,27.483443708609272,5187,False,False,180,151,1,1,1,2,1,1
1,0,False,False,6,54,False,False,False,False,0,0,0,True,False,1,33.0,683,False,False,12,2,1,1,1,8,1,1
1,0,False,False,12,84,True,False,False,False,0,0,0,True,False,15,53.0,226,False,True,3,1,1,1,1,0,1,1
1,1,False,False,5,53,False,False,False,False,0,0,0,True,False,10,35.0,847,False,False,14,14,1,0,1,11,1,1
1,0,False,False,7,42,False,False,False,False,0,0,0,True,False,16,48.0,948,False,False,9,3,1,1,1,6,1,1
1,0,False,False,6,49,False,False,False,False,0,0,0,True,False,43,41.0,1251,False,False,23,8,1,1,1,12,1,1
1,1,False,False,6,39,False,False,False,False,0,0,0,True,False,15,55.44444444444444,637,False,False,8,9,1,0,1,8,1,1
1,0,False,False,1,7,False,False,False,False,0,0,0,True,False,9,36.666666666666664,558,False,False,5,3,1,1,1,1,1,1
1,0,False,False,7,53,False,False,False,False,0,0,0,True,False,6,3.0,369,False,False,7,2,1,1,1,2,1,1
1,0,False,False,4,32,False,False,False,False,0,0,0,True,False,0,61.0,316,False,False,3,1,1,1,1,0,1,1
1,0,False,False,3,26,False,False,False,False,0,0,0,True,False,0,48.5,300,False,False,6,2,1,1,0,0,1,1
1,1,False,False,4,23,False,False,False,True,0,0,0,True,False,0,0,226,False,False,0,0,1,1,1,0,1,1
1,0,False,False,1,22,False,False,False,False,0,0,0,True,False,0,39.0,544,False,False,5,3,1,1,1,0,1,1
1,0,False,False,5,33,False,False,False,False,0,0,0,True,False,8,258.875,946,False,True,12,8,1,1,1,4,1,1
1,0,False,False,4,25,False,False,False,False,0,0,0,True,False,7,0,358,False,False,0,0,1,1,1,0,1,1
1,0,False,False,3,26,False,False,False,False,0,0,0,True,False,10,42.0,804,False,False,2,1,1,1,1,0,1,1
1,0,False,False,2,18,False,False,False,False,0,0,0,True,False,8,46.0,553,False,False,1,1,1,1,1,0,1,1
1,0,False,False,2,16,False,False,False,False,0,0,0,True,False,4,0,55,False,False,1,0,1,1,1,0,1,1
1,1,False,False,6,57,False,False,False,False,0,0,0,True,False,9,36.1,1296,True,False,11,10,1,0,1,14,1,1
1,1,False,False,5,35,False,False,False,False,0,0,0,True,False,0,0,211,False,False,0,0,1,1,1,0,1,1
1,1,False,False,6,47,False,False,False,False,0,0,0,True,False,0,0,243,False,False,0,0,1,1,1,0,1,1
1,0,False,False,2,21,False,False,False,False,0,0,0,True,False,9,40.0,250,False,True,1,1,1,1,1,0,1,1
1,0,False,False,6,54,False,True,False,False,0,0,0,True,False,12,53.0,176,False,False,2,2,1,1,1,0,1,1
1,0,False,False,3,26,False,False,False,False,0,0,0,True,False,0,48.5,300,False,False,6,2,1,1,0,0,1,1
1,0,True,False,3,19,False,False,False,False,0,0,0,True,False,13,34.388888888888886,4442,False,False,88,18,1,1,1,65,1,1
1,0,False,False,4,34,False,False,False,False,0,0,0,True,False,5,41.333333333333336,487,False,False,2,3,1,0,1,0,1,1
1,0,False,False,6,55,False,False,False,False,0,0,0,True,False,0,67.0,84,False,False,1,1,1,1,1,0,1,1
1,0,False,False,7,53,False,False,False,False,0,0,0,True,False,6,3.0,369,False,False,7,2,1,1,1,2,1,1
1,0,False,False,2,15,False,False,False,False,0,0,0,True,False,4,56.0,74,False,False,2,1,1,1,1,0,1,1
1,0,False,False,3,11,False,False,False,False,0,0,0,True,False,6,33.0,95,False,False,1,1,1,1,1,0,1,1
1,0,False,False,6,30,False,False,False,False,0,0,0,True,False,7,67.0,225,False,False,3,1,1,1,1,0,1,1
1,0,False,False,6,33,False,False,False,False,0,0,0,True,False,6,30.0,445,True,False,1,1,1,1,0,0,1,1
1,0,False,False,5,39,False,False,False,False,0,0,0,True,False,38,45.0,692,False,False,3,1,1,1,1,1,1,1
1,0,False,False,5,30,False,False,False,False,0,0,0,True,False,2,27.0,26,False,False,2,2,1,1,1,0,1,1
1,0,False,False,2,24,False,False,False,False,0,0,0,True,False,6,29.0,517,False,False,1,1,1,1,1,0,1,1
1,0,False,False,5,38,False,False,False,False,0,0,0,False,False,7,0,385,False,False,2,0,1,1,1,0,1,1
1,0,False,False,3,25,False,False,False,False,0,0,0,True,False,13,37.333333333333336,650,False,False,2,3,1,1,1,0,1,1
1,1,False,False,9,48,False,False,False,False,0,0,0,True,False,0,0,386,False,False,0,0,1,1,1,0,1,1
1,0,False,False,2,21,False,False,False,False,0,0,0,True,False,9,40.0,250,False,True,1,1,1,1,1,0,1,1
1,0,False,False,5,33,False,False,False,False,0,0,0,True,False,12,42.6,1135,False,False,13,5,1,1,1,9,1,1
1,0,False,False,7,60,False,False,False,False,0,0,0,True,False,6,38.0,710,False,False,1,1,1,1,1,0,1,1
1,1,False,False,11,61,False,False,True,False,0,0,0,True,False,11,39.0,2703,False,False,20,9,1,0,1,14,1,1
1,1,False,False,6,47,False,False,False,False,0,0,0,True,False,0,0,243,False,False,0,0,1,1,1,0,1,1
1,0,False,False,5,39,False,False,False,False,0,0,0,True,False,7,15.333333333333334,387,False,False,2,3,1,1,1,0,1,1
1,0,False,False,6,44,False,False,False,False,0,0,0,True,False,6,55.333333333333336,970,False,False,26,9,1,1,1,11,1,1
1,0,False,False,2,14,False,False,False,False,0,0,0,True,False,6,47.0,647,False,False,1,1,1,1,1,0,1,1
1,0,False,False,5,30,False,False,False,False,0,0,0,True,False,2,49.0,14,False,False,1,1,1,1,1,0,1,1
1,1,False,False,2,19,False,False,False,False,0,0,0,True,False,0,0,33,False,False,1,0,1,1,1,1,1,1
1,0,False,False,4,36,False,False,False,False,0,0,0,True,False,4,64.0,156,False,False,1,1,1,0,1,0,1,1
1,1,False,False,5,33,False,False,False,False,0,0,0,True,False,7,43.8,1096,False,False,7,5,1,1,1,8,1,1
1,0,False,False,2,14,False,False,False,False,0,0,0,True,False,2,44.333333333333336,513,False,False,9,3,1,1,1,1,1,1
1,0,False,False,4,28,False,False,False,False,0,0,0,True,False,13,30.0,350,False,False,4,2,1,1,0,0,1,1
1,0,False,False,3,17,False,False,False,False,0,0,0,True,False,20,33.0,413,False,False,3,1,1,1,1,0,1,1
1,0,False,False,3,27,False,False,False,False,0,0,0,True,False,10,18.0,980,False,False,0,2,1,0,1,0,1,1
1,0,True,False,6,32,False,False,False,False,0,0,0,True,False,2,23.0,280,False,False,3,1,1,1,1,1,1,1
1,0,False,False,7,42,False,False,False,False,0,0,0,True,False,10,65.0,124,False,False,1,1,1,1,1,0,1,1
1,0,False,False,6,37,False,False,False,False,0,0,0,True,False,0,48.5,159,False,False,6,2,1,1,0,0,1,1
1,1,False,False,8,44,False,False,False,False,0,0,0,True,False,0,0,392,False,False,0,0,1,1,1,0,1,1
1,0,False,False,1,11,False,False,False,False,0,0,0,True,False,0,0,332,False,False,0,0,1,1,1,0,1,1
1,0,False,False,0,0,False,False,False,False,0,0,0,True,False,1,29.333333333333332,1076,False,False,3,3,1,1,1,0,1,1
1,0,False,False,7,32,False,False,False,False,0,0,0,True,False,1,0,58,False,False,0,0,1,1,1,0,1,1
1,0,False,False,2,21,False,False,False,False,0,0,0,True,False,12,9.0,906,False,False,0,2,1,1,1,0,1,1
1,1,False,False,3,23,False,False,False,False,0,0,0,True,False,6,37.5,10472,False,False,3,2,1,0,1,2,1,1
1,0,True,False,4,26,False,False,False,False,0,0,0,True,False,0,41.0,251,False,False,1,1,1,1,1,0,1,1
1,1,False,False,6,40,False,False,False,False,0,0,0,True,False,1,0,2079,False,False,0,0,1,1,1,0,1,1
1,1,False,False,6,39,False,False,False,False,0,0,0,True,False,15,55.44444444444444,637,False,False,8,9,1,0,1,8,1,1
1,1,False,False,5,44,False,False,False,False,0,0,0,True,False,7,48.0,440,False,False,1,1,1,1,1,1,1,1
1,0,False,False,1,10,False,False,False,False,0,0,0,True,False,16,26.5,1787,False,True,5,2,1,1,1,0,1,1
0,0,True,False,4,17,False,False,False,False,0,0,0,True,False,5,33.5,442,False,False,4,2,1,1,1,0,1,1
1,0,False,False,11,71,False,False,False,False,0,0,0,True,False,6,65.0,973,False,False,8,1,1,1,1,7,1,1
1,0,False,False,3,24,False,False,False,False,0,0,0,True,False,2,69.0,57,False,False,1,1,1,1,1,0,1,1
1,0,False,False,8,57,False,False,False,False,0,0,0,True,False,10,36.0,382,False,False,3,3,1,1,1,0,1,1
1,0,False,False,6,39,False,False,False,False,0,0,0,True,False,0,0,83,False,False,0,0,1,1,1,0,1,1
1,0,False,False,3,20,False,False,False,False,0,0,0,True,False,6,10.0,680,False,False,0,1,1,1,1,1,1,1
1,0,False,False,3,18,False,False,False,False,0,0,0,True,False,3,40.0,87,False,True,2,1,1,1,1,0,1,1
1,0,False,False,3,26,False,True,False,False,0,0,0,True,False,16,59.333333333333336,372,False,False,5,3,1,1,1,2,1,1
1,0,False,False,6,33,False,False,False,False,0,0,0,True,False,4,34.666666666666664,146,False,False,9,3,1,0,1,0,1,1
1,0,False,False,6,58,False,False,False,False,0,0,0,False,False,0,0,0,False,False,0,0,1,1,1,0,1,1
1,0,False,False,2,12,False,False,False,False,0,0,0,True,False,1,0,34,False,False,1,0,1,1,1,0,1,1
1,1,False,False,7,43,False,False,False,False,0,0,0,True,False,6,36.1,922,False,False,11,10,1,0,1,12,1,1
1,0,False,False,4,33,False,False,False,False,0,0,0,True,False,14,36.0,1168,False,False,13,5,1,1,1,9,1,1
1,1,False,False,5,52,False,False,False,False,0,0,0,True,False,3,36.1,944,True,False,11,10,1,0,1,13,1,1
1,0,False,False,10,72,False,False,False,False,0,0,0,True,False,3,19.5,405,False,False,2,2,1,1,1,0,1,1
1,0,False,False,2,11,False,False,False,False,0,0,0,True,False,1,0,17,False,False,1,0,1,1,1,0,1,1
1,1,False,False,3,32,False,False,False,True,1,1,3,True,True,104,27.483443708609272,5187,False,False,180,151,1,1,1,2,1,1
1,0,False,False,5,38,False,False,False,False,0,0,0,True,False,2,0.0,1448,False,False,2,1,1,1,1,0,1,1
1,0,False,False,4,25,False,False,False,False,0,0,0,True,False,6,44.0,253,False,False,4,1,1,0,1,0,1,1
1,0,False,False,4,25,False,False,False,False,0,0,0,True,False,10,47.0,267,False,False,2,1,1,1,1,0,1,1
0,0,False,False,9,43,False,False,False,False,0,0,0,True,False,0,39.0,75,False,False,2,1,1,1,1,1,1,1
1,1,False,False,2,17,False,False,False,False,0,0,0,True,False,0,0,177,False,False,0,0,1,1,1,0,1,1
1,0,False,False,5,44,False,False,False,False,0,0,0,True,False,11,20.0,491,False,False,1,1,1,1,1,0,1,1
1,0,False,False,4,25,False,False,False,False,0,0,0,True,False,4,39.0,78,False,False,2,1,1,1,1,0,1,1
1,0,False,False,2,17,False,False,False,False,0,0,0,True,False,2,25.0,219,False,False,2,1,1,1,1,0,1,1
1,0,False,False,4,25,False,False,False,False,0,0,0,True,False,3,53.0,152,False,False,1,1,1,1,1,0,1,1
1,0,False,False,3,16,False,False,False,False,0,0,0,True,False,0,30.0,98,False,False,1,1,1,1,1,0,1,1
1,1,False,False,7,59,False,False,False,False,0,0,0,True,False,9,36.1,1305,False,False,11,10,1,0,1,14,1,1
1,0,False,False,7,38,False,False,False,False,0,0,0,True,False,7,35.0,769,False,True,5,1,0,1,1,1,1,1
1,0,False,False,2,16,False,False,False,False,0,0,0,True,False,6,99.0,59,False,False,2,2,1,1,1,0,1,1
1,1,False,False,3,25,False,False,False,False,0,0,0,True,False,0,0,1217,False,False,0,0,1,1,1,0,1,1
1,0,False,False,2,21,False,False,False,False,0,0,0,True,False,9,40.0,251,False,True,1,1,1,1,1,0,1,1
1,0,False,False,2,20,False,False,False,False,0,0,0,True,False,9,7.333333333333333,924,False,False,1,9,1,1,1,0,1,1
1,1,False,False,4,32,False,False,False,False,0,0,0,True,False,0,0,1785,False,False,0,0,1,1,1,0,1,1
1,1,False,False,6,54,False,False,False,False,0,0,0,True,False,13,58.111111111111114,1465,False,False,51,9,1,0,1,14,1,1
1,0,False,False,4,33,False,False,False,False,0,0,0,True,False,14,36.0,1168,False,False,13,5,1,1,1,9,1,1
1,0,False,False,5,27,False,False,False,False,0,0,0,True,False,6,65.0,59,False,False,2,1,1,1,1,0,1,1
1,1,False,False,7,40,False,False,False,False,0,0,0,True,False,0,0,176,False,False,0,0,1,1,1,0,1,1
1,0,False,False,2,18,False,False,False,False,0,0,0,True,False,0,0,23,False,False,1,0,1,1,1,0,1,1
1,0,False,False,4,23,False,False,False,False,0,0,0,True,False,4,22.0,207,False,False,2,2,1,1,1,1,1,1
1,0,False,False,4,42,False,False,False,False,0,0,0,True,False,0,15.0,303,False,False,1,1,1,1,1,0,1,1
1,0,False,False,4,24,False,False,False,False,0,0,0,True,False,15,44.2,1163,False,False,13,5,1,1,1,9,1,1
1,0,False,False,4,25,False,False,False,False,0,0,0,True,False,5,42.0,244,False,False,2,1,1,1,1,0,1,1
1,1,False,False,6,38,False,False,False,False,0,0,0,True,False,2,37.125,802,False,False,8,8,1,0,1,10,1,1
1,0,False,False,4,31,False,False,False,False,0,0,0,True,False,8,21.0,412,False,False,1,1,1,1,0,0,1,1
1,0,False,False,5,33,False,False,False,False,0,0,0,True,False,12,42.6,1135,False,False,13,5,1,1,1,9,1,1
1,0,False,False,5,33,True,False,False,False,0,0,0,True,False,23,32.25,751,False,True,21,12,1,1,1,8,1,1
1,0,False,False,3,27,False,False,False,False,0,0,0,True,False,2,0,17,False,False,1,0,1,1,1,0,1,1
1,0,False,False,2,18,False,False,False,False,0,0,0,True,False,5,23.0,949,False,True,1,1,1,1,1,0,1,1
1,1,False,False,8,49,False,False,False,False,0,0,0,True,False,0,0,583,False,False,0,0,1,1,1,0,1,1
1,0,False,False,1,12,False,False,False,False,0,0,0,True,False,16,46.5,587,False,True,3,2,1,1,1,0,1,1
1,1,False,False,9,48,False,False,False,False,0,0,0,True,False,0,0,392,False,False,0,0,1,1,1,0,1,1
1,0,False,False,5,33,False,False,False,False,0,0,0,True,False,14,19.0,364,False,False,1,1,1,1,1,0,1,1
1,0,False,False,3,27,False,False,False,False,0,0,0,True,False,13,39.0,285,False,False,3,1,1,1,1,0,1,1
1,0,False,False,8,51,False,False,False,False,0,0,0,False,False,3,0,685,False,False,1,0,1,1,1,0,1,1
1,1,False,False,7,45,False,False,True,False,0,0,0,True,False,0,0,1597,False,False,0,0,1,1,1,0,1,1
1,1,False,False,8,55,False,False,False,False,0,0,0,True,False,0,0,382,False,False,0,0,1,1,1,0,1,1
1,0,False,False,2,17,False,False,False,False,0,0,0,True,False,2,21.0,294,True,False,3,1,1,1,1,1,1,1
1,0,False,False,7,48,False,False,False,False,0,0,0,True,False,11,31.181818181818183,1064,False,False,22,11,1,0,1,12,1,1
1,0,False,False,4,28,False,False,False,False,0,0,0,True,False,7,22.0,348,False,False,2,2,1,1,1,0,1,1
1,0,False,False,4,35,False,False,False,False,0,0,0,True,False,8,11.0,367,False,False,1,1,1,1,1,0,1,1
1,0,False,False,6,48,False,False,False,False,0,0,0,True,False,18,36.1,1191,True,False,23,10,1,0,1,14,1,1
1,0,False,False,3,20,False,False,False,False,0,0,0,True,False,6,72.0,322,False,False,2,1,1,1,1,0,1,1
1,0,False,False,3,18,False,False,False,False,0,0,0,True,False,6,28.0,339,False,False,2,1,1,1,1,0,1,1
1,1,False,False,6,47,False,False,True,False,0,0,0,True,False,0,0,772,False,False,0,0,1,1,1,0,1,1
1,1,False,False,7,46,False,False,False,False,0,0,0,True,False,0,0,1726,False,False,0,0,1,1,1,0,1,1
1,0,False,False,5,33,True,False,False,False,0,0,0,True,False,0,0,46,False,False,0,0,1,1,1,0,1,1
1,0,False,False,3,16,False,False,False,False,0,0,0,True,False,0,45.0,110,False,False,1,1,1,1,1,0,1,1
1,0,False,False,3,21,False,False,False,False,0,0,0,True,False,7,65.0,336,False,False,2,1,1,1,1,0,1,1
1,1,False,False,6,56,False,False,False,False,0,0,0,True,False,7,30.0,421,False,False,1,1,1,1,1,1,1,1
1,1,False,False,4,44,False,False,False,False,0,0,0,True,False,13,0,188,False,False,0,0,1,1,1,0,1,1
0,0,True,False,4,21,False,False,False,False,0,0,0,True,False,6,12.0,172,False,False,2,1,1,1,1,0,1,1
0,0,True,False,4,17,False,False,False,False,0,0,0,True,False,9,33.5,559,False,False,4,2,1,1,1,0,1,1
1,1,False,False,9,41,False,False,False,False,0,0,0,True,False,0,0,1215,False,False,0,0,1,1,1,0,1,1
1,0,False,False,2,13,False,False,False,False,0,0,0,True,False,19,0,162,False,False,1,0,1,1,1,0,1,1
1,1,False,False,4,48,False,False,False,False,0,0,0,True,False,0,0,653,False,False,0,0,1,1,1,0,1,1
1,1,False,False,7,45,False,False,False,False,0,0,0,True,False,0,0,413,False,False,0,0,1,1,1,0,1,1
1,0,False,False,4,25,False,False,False,False,0,0,0,True,False,8,20.0,84,False,False,2,1,1,1,1,0,1,1
1,0,False,False,7,58,False,False,False,False,0,0,0,True,False,6,66.0,376,False,False,1,1,1,1,1,0,1,1
1,0,False,False,5,41,False,False,False,False,0,0,0,True,False,12,35.0,1144,False,False,13,5,1,1,1,8,1,1
1,0,False,False,3,23,False,False,False,False,0,0,0,True,False,9,64.0,265,False,False,2,1,1,1,1,0,1,1
1,1,False,False,8,42,False,False,False,False,0,0,0,True,False,121,0.0,7589,False,False,7,1,1,1,1,2,1,1
1,1,False,False,8,53,False,False,True,True,1,0,0,True,False,68,0,2228,False,False,0,0,1,1,1,0,1,1
1,0,False,False,4,23,False,False,False,False,0,0,0,True,False,12,20.666666666666668,1649,False,False,18,3,1,1,1,17,1,1
1,1,False,False,7,56,False,False,False,False,0,0,0,True,False,7,38.5,828,False,False,12,10,1,0,1,11,1,1
1,0,False,False,6,49,False,False,True,False,0,0,0,False,False,0,0,0,False,False,0,0,1,1,1,0,1,1
1,0,False,False,5,31,False,False,False,False,0,0,0,True,False,10,46.0,152,False,False,3,1,1,1,1,0,1,1
1,0,False,False,5,33,False,False,False,False,0,0,0,True,False,4,43.0,92,False,False,3,2,1,1,1,1,1,1
1,0,False,False,2,12,False,False,False,False,0,0,0,True,False,6,52.0,415,False,False,2,1,1,1,1,0,1,1
1,0,False,False,8,47,False,False,False,False,0,0,0,True,False,10,8.5,171,False,False,0,2,1,1,1,1,1,1
1,0,False,False,5,28,False,False,False,False,0,0,0,True,False,23,18.285714285714285,1328,False,False,19,7,1,1,1,13,1,1
1,0,False,False,3,21,False,False,False,False,0,0,0,True,False,13,12.25,419,False,False,3,4,1,1,1,0,1,1
1,1,False,False,7,48,False,False,True,False,0,0,0,True,False,0,0,397,False,False,0,0,1,1,1,0,1,1
1,1,False,False,9,46,False,False,False,False,0,0,0,True,False,0,0,433,False,False,0,0,1,1,1,0,1,1
1,0,False,False,1,8,False,False,False,False,0,0,0,True,False,4,61.0,373,False,False,2,1,1,1,1,0,1,1
1,1,False,False,7,50,False,False,False,False,0,0,0,True,False,0,0,1731,False,False,0,0,1,1,1,0,1,1
1,1,False,False,7,58,False,False,False,False,0,0,0,True,False,13,43.5,1150,False,False,12,10,1,0,1,11,1,1
1,1,False,False,6,58,False,False,False,False,0,0,0,True,False,10,37.5,1297,True,False,11,10,1,0,1,14,1,1
1,0,False,False,5,47,False,False,False,False,0,0,0,True,False,8,33.0,462,False,False,1,1,1,1,1,0,1,1
1,0,False,False,5,44,False,False,False,False,0,0,0,True,False,3,34.0,299,True,False,1,1,1,1,1,0,1,1
1,0,False,False,7,61,False,False,False,False,0,0,0,True,False,6,68.0,853,False,False,1,1,1,1,1,0,1,1
1,0,False,False,4,29,False,False,False,False,0,0,0,True,False,8,17.0,340,False,False,2,1,1,1,1,0,1,1
1,0,False,False,11,71,False,False,False,False,0,0,0,True,False,6,37.5,367,False,False,8,2,1,0,1,2,1,1
1,0,False,False,5,31,False,False,False,False,0,0,0,True,False,4,54.0,66,False,False,1,1,1,1,1,0,1,1
1,1,False,False,6,48,False,False,False,False,0,0,0,True,False,0,0,749,False,False,0,0,1,1,1,0,1,1
0,0,True,False,2,17,False,False,False,False,0,0,0,True,False,2,68.0,115,False,False,1,1,1,1,1,0,1,1
1,0,False,False,4,32,False,False,False,False,0,0,0,True,False,2,16.0,331,False,False,1,1,1,1,1,0,1,1
1,0,False,False,4,33,False,False,False,False,0,0,0,True,False,5,54.0,45,False,False,2,1,1,1,1,1,1,1
1,0,False,False,5,47,False,False,False,False,0,0,0,True,False,18,49.125,738,False,False,23,8,1,1,1,5,1,1
1,0,False,False,5,26,False,False,False,False,0,0,0,True,False,6,31.0,1220,False,False,10,9,1,0,1,2,1,1
1,1,False,False,5,31,False,False,False,False,0,0,0,True,False,0,0,3881,False,False,0,0,1,1,1,0,1,1
1,0,False,False,3,28,False,False,False,False,0,0,0,True,False,7,27.0,326,False,False,2,1,1,1,1,0,1,1
1,1,False,False,7,57,False,False,False,False,0,0,0,True,False,13,45.3,1188,False,False,12,10,1,0,1,11,1,1
1,1,False,False,2,16,False,False,False,False,0,0,0,True,False,0,121.0,127,False,False,4,1,1,1,1,1,1,1
1,1,False,False,11,53,False,False,False,False,0,0,0,True,False,9,36.1,1296,True,False,11,10,1,0,1,14,1,1
1,0,False,False,5,33,False,False,False,False,0,0,0,True,False,33,46.5,2164,False,False,6,2,1,1,1,1,1,1
1,0,False,False,3,23,False,False,False,False,0,0,0,True,False,4,53.0,87,False,False,2,1,1,1,1,0,1,1
1,0,False,False,6,54,False,False,False,False,0,0,0,True,False,13,38.3,1051,False,False,22,10,1,0,1,11,1,1
1,0,False,False,3,24,False,False,False,False,0,0,0,True,False,8,13.0,70,False,False,2,1,1,1,1,0,1,1
1,0,False,False,2,16,False,False,False,False,0,0,0,True,False,14,63.0,464,False,False,3,3,1,1,1,0,1,1
1,0,False,False,3,16,False,False,False,False,0,0,0,True,False,8,0,182,False,False,2,0,1,1,1,0,1,1
1,0,False,False,5,32,False,False,False,False,0,0,0,True,False,23,67.0,1561,False,False,16,1,1,1,1,14,1,1
1,0,False,False,6,39,False,False,False,False,0,0,0,True,False,0,0,11,False,False,0,0,1,1,1,0,1,1
1,0,False,False,6,43,False,False,False,False,0,0,0,True,False,12,53.5,294,False,False,5,2,1,1,1,0,1,1
1,1,False,False,7,60,False,False,False,False,0,0,0,True,False,9,36.1,1296,True,False,11,10,1,0,1,14,1,1
1,1,False,False,5,42,False,False,False,False,0,0,0,True,False,9,36.1,1297,True,False,11,10,1,0,1,14,1,1
1,0,False,False,2,14,False,False,False,False,0,0,0,True,False,10,36.0,91,False,False,2,2,1,1,1,0,1,1
1,0,False,False,8,56,False,False,False,False,0,0,0,True,False,5,145.0,292,False,False,1,1,1,0,1,0,1,1
0,0,True,False,3,20,False,False,False,False,0,0,0,True,False,2,0,32,False,False,1,0,1,1,1,0,1,1
1,0,False,False,7,44,False,False,False,False,0,0,0,True,False,19,30.928571428571427,980,False,False,37,14,1,0,1,11,1,1
1,0,False,False,1,4,False,False,False,False,0,0,0,True,False,2,35.0,90,False,False,1,1,1,1,1,0,1,1
1,0,False,False,7,31,False,False,False,False,0,0,0,True,False,1,49.0,129,False,False,3,2,1,1,1,1,1,1
1,0,True,False,6,34,False,False,False,False,0,0,0,True,False,12,0,127,False,False,2,0,1,1,1,0,1,1
1,1,False,False,5,33,False,False,False,False,0,0,0,True,False,7,43.8,1096,False,False,7,5,1,1,1,8,1,1
1,0,False,False,4,25,False,False,False,False,0,0,0,True,False,6,44.0,72,False,False,2,1,1,0,1,0,1,1
1,0,False,False,3,27,False,False,False,False,0,0,0,True,False,0,17.0,167,False,False,1,1,1,1,1,0,1,1
1,0,False,False,3,34,False,False,False,False,0,0,0,True,False,0,76.0,232,False,False,1,1,1,0,1,0,1,1
1,0,False,False,2,18,False,False,False,False,0,0,0,True,False,8,3.4444444444444446,716,False,False,1,9,1,1,1,0,1,1
1,0,False,False,6,52,False,False,False,False,0,0,0,True,False,0,35.333333333333336,512,False,False,2,3,1,1,1,0,1,1
1,0,False,False,3,32,False,False,False,False,0,0,0,True,False,2,34.0,749,False,False,7,1,1,1,1,0,1,1
1,1,False,False,4,26,False,False,False,False,0,0,0,True,False,0,0,97,False,False,1,0,1,1,1,1,1,1
1,0,False,False,10,48,False,False,False,False,0,0,0,True,False,15,32.0,194,False,False,1,1,1,1,1,0,1,1
1,0,False,False,5,36,False,False,False,False,0,0,0,True,False,18,36.55555555555556,973,False,False,19,9,1,1,1,11,1,1
1,1,False,False,6,43,False,False,False,False,0,0,0,True,False,4,38.36363636363637,854,False,False,12,11,1,0,1,12,1,1
1,0,False,False,3,24,False,False,False,False,0,0,0,True,False,9,62.0,252,False,False,1,1,1,1,1,0,1,1
1,0,False,False,5,28,False,False,False,False,0,0,0,True,False,9,26.666666666666668,445,False,False,4,3,1,1,1,3,1,1
1,1,False,False,4,42,False,False,True,False,0,0,0,True,False,3,0,3589,False,False,0,0,1,1,1,0,1,1
1,0,False,False,1,10,False,False,False,False,0,0,0,True,False,16,26.5,1787,False,True,5,2,1,1,1,0,1,1
1,0,False,False,2,12,False,False,False,False,0,0,0,True,False,10,34.0,79,False,False,6,2,1,1,1,0,1,1
1,1,False,False,6,31,False,False,False,False,0,0,0,True,False,0,0,899,False,False,0,0,1,1,1,0,1,1
1,0,False,False,4,31,False,False,False,False,0,0,0,True,False,8,21.0,412,False,False,1,1,1,1,0,0,1,1
1,0,False,False,6,43,False,False,False,False,0,0,0,True,False,12,30.5,293,False,False,3,2,1,1,1,0,1,1
1,0,False,False,5,30,False,False,False,False,0,0,0,True,False,8,22.0,269,False,False,2,1,1,1,1,0,1,1
1,1,False,False,4,23,False,False,False,True,0,1,0,True,True,31,22.0,5432,False,False,20,2,1,1,1,1,1,1
1,1,False,False,5,27,False,False,False,False,0,0,0,True,False,16,51.07142857142857,2724,False,False,36,14,1,0,1,10,1,1
1,1,False,False,7,59,False,False,False,False,0,0,0,True,False,0,0,818,False,False,0,0,1,1,1,0,1,1
1,1,False,False,8,63,False,False,True,False,0,0,0,True,False,1,0,1911,False,False,0,0,1,1,1,0,1,1
1,0,False,False,2,15,False,False,False,False,0,0,0,True,False,6,10.0,681,False,False,0,1,1,1,1,1,1,1
1,0,False,False,4,27,False,False,False,False,0,0,0,True,False,7,13.5,358,False,False,2,4,1,1,1,0,1,1
1,0,False,False,5,41,False,False,False,False,0,0,0,True,False,15,44.2,1165,False,False,13,5,1,1,1,9,1,1
1,1,False,False,9,55,False,False,False,False,0,0,0,True,False,0,0,233,False,False,0,0,1,1,1,0,1,1
1,1,False,False,7,45,False,False,False,False,0,0,0,True,False,3,36.1,944,True,False,11,10,1,0,1,13,1,1
1,0,False,False,5,27,False,False,False,False,0,0,0,True,False,0,0,12,False,False,0,0,1,1,1,0,1,1
1,0,False,False,2,22,False,False,False,False,0,0,0,True,False,8,40.0,251,False,True,1,1,1,1,1,0,1,1
1,1,False,False,5,44,False,False,False,False,0,0,0,True,False,5,28.7,816,False,False,9,10,1,1,1,3,1,1
1,0,False,False,2,22,False,False,False,False,0,0,0,True,False,9,40.0,250,False,True,1,1,1,1,1,0,1,1
1,1,False,False,7,57,False,False,False,False,0,0,0,True,False,0,0,397,False,False,0,0,1,1,1,0,1,1
1,1,False,False,8,61,False,False,True,False,0,0,0,True,False,1,0,2295,False,False,0,0,1,1,1,0,1,1
1,1,False,False,3,20,False,False,False,True,0,1,0,True,True,6,0,342,False,False,12,0,1,1,1,8,1,1
1,0,False,False,8,42,False,False,False,False,0,0,0,True,False,5,129.0,640,False,False,10,4,1,0,1,4,1,1
1,0,False,False,9,59,False,False,False,False,0,0,0,True,False,23,8.0,338,False,False,0,1,1,1,1,0,1,1
1,1,False,False,6,53,False,False,False,False,0,0,0,True,False,0,0,406,False,False,0,0,1,1,1,0,1,1
1,0,False,False,5,45,False,False,False,False,0,0,0,True,False,12,63.0,971,False,False,3,1,1,1,1,1,1,1
1,1,False,False,2,13,False,False,False,False,0,0,0,True,False,0,37.75,669,False,False,4,4,1,1,1,3,1,1
1,1,False,False,7,61,False,False,False,False,0,0,0,True,False,7,51.0,421,False,False,2,1,1,1,1,1,1,1
1,0,False,False,2,12,False,False,False,False,0,0,0,True,False,43,34.714285714285715,2262,False,False,13,7,1,1,1,8,1,1
1,0,False,False,7,41,False,False,False,False,0,0,0,True,False,4,42.5,340,False,False,5,2,1,1,1,1,1,1
1,0,False,False,2,21,False,False,False,False,0,0,0,True,False,5,40.0,191,False,True,1,1,1,1,1,0,1,1
1,0,False,False,9,53,False,False,False,False,0,0,0,True,False,6,24.105263157894736,397,False,False,18,19,1,1,0,0,1,1
1,0,False,False,9,61,False,False,False,False,0,0,0,True,False,4,51.0,270,False,False,4,1,1,0,1,1,1,1
1,1,False,False,5,33,False,False,False,False,0,0,0,True,False,7,43.8,1096,False,False,7,5,1,1,1,8,1,1
1,0,False,False,13,75,False,False,True,False,0,0,0,True,False,7,44.25,227,False,True,5,4,1,1,1,0,1,1
1,0,False,False,3,23,False,False,False,False,0,0,0,True,False,4,26.5,1337,False,False,49,8,1,0,1,30,1,1
1,0,False,False,3,20,False,False,False,False,0,0,0,True,False,8,0,128,False,False,1,0,1,1,1,0,1,1
1,0,False,False,6,42,False,False,False,False,0,0,0,True,False,2,14.0,289,False,False,1,1,1,1,1,0,1,1
1,0,False,False,2,12,False,False,False,False,0,0,0,True,False,0,0,168,False,False,1,0,1,1,1,0,1,1
1,0,False,False,3,26,False,False,False,False,0,0,0,True,False,0,48.5,300,False,False,6,2,1,1,0,0,1,1
1,0,False,False,2,16,False,False,False,False,0,0,0,True,False,7,34.0,120,False,False,2,1,1,1,1,1,1,1
1,0,False,False,4,43,False,False,False,False,0,0,0,True,False,2,65.0,155,False,False,2,1,1,1,1,0,1,1
1,0,False,False,4,28,False,False,False,False,0,0,0,True,False,4,38.0,99,False,False,2,1,1,1,1,0,1,1
1,0,False,False,2,18,False,False,False,False,0,0,0,True,False,16,59.0,889,False,False,3,1,1,1,1,0,1,1
1,0,False,False,4,31,False,False,False,False,0,0,0,False,False,3,0,918,False,False,1,0,1,1,1,0,1,1
1,0,False,False,2,21,False,False,False,False,0,0,0,True,False,1,57.0,826,False,False,13,10,1,1,1,3,1,1
1,0,False,False,2,20,False,False,False,False,0,0,0,True,False,16,41.333333333333336,688,False,True,5,3,1,1,1,1,1,1
1,0,False,False,6,55,False,False,False,False,0,0,0,True,False,1,53.0,78,True,False,2,1,1,1,1,0,1,1
1,0,False,False,3,24,False,False,False,False,0,0,0,True,False,4,38.0,76,False,False,1,1,1,1,1,0,1,1
1,0,False,False,4,23,False,False,False,False,0,0,0,True,False,11,23.0,238,True,False,3,1,1,1,1,2,1,1
1,1,False,False,6,37,False,False,False,False,0,0,0,True,False,0,0,391,False,False,0,0,1,1,1,0,1,1
1,0,False,False,4,33,False,False,False,False,0,0,0,True,False,14,36.0,1168,False,False,13,5,1,1,1,9,1,1
0,0,True,False,4,25,False,False,False,False,0,0,0,True,False,16,46.0,667,False,False,2,1,1,1,1,0,1,1
1,0,False,False,4,39,False,False,False,False,0,0,0,True,False,10,17.0,570,True,False,4,4,1,1,1,0,1,1
1,0,False,False,5,33,False,False,False,False,0,0,0,True,False,14,19.0,364,False,False,1,1,1,1,1,0,1,1
1,1,False,False,5,33,False,False,False,False,0,0,0,True,False,0,0,459,False,False,0,0,1,1,1,0,1,1
1,0,False,False,2,24,False,False,False,False,0,0,0,True,False,6,29.0,516,False,False,1,1,1,1,1,0,1,1
1,1,False,False,3,19,False,False,False,False,0,0,0,True,False,0,0,3129,False,False,0,0,1,1,1,0,1,1
1,0,False,False,1,6,False,False,False,False,0,0,0,True,False,7,34.0,257,False,True,4,1,1,1,1,3,1,1
1,0,False,False,3,19,False,False,False,False,0,0,0,True,False,2,53.0,267,False,False,1,1,1,1,1,0,1,1
1,1,False,False,6,52,False,False,False,False,0,0,0,True,False,6,36.1,922,False,False,11,10,1,0,1,12,1,1
1,0,False,False,7,57,False,False,False,False,0,0,0,True,False,0,23.0,112,False,False,2,1,1,1,1,1,1,1
1,1,False,False,4,34,False,False,False,False,0,0,0,True,False,0,0,1779,False,False,0,0,1,1,1,0,1,1
1,0,False,False,7,56,False,False,False,False,0,0,0,True,False,10,24.5,1793,False,False,21,4,1,1,1,19,1,1
1,1,False,False,4,27,False,False,False,False,0,0,0,True,False,0,0,422,False,False,0,0,1,1,1,0,1,1
1,0,False,False,5,34,False,False,False,False,0,0,0,True,False,4,52.0,64,False,False,2,1,1,1,1,0,1,1
1,0,False,False,8,62,False,False,False,False,0,0,0,True,False,17,167.125,2406,False,False,19,16,1,1,0,3,1,1
1,0,False,False,3,20,False,False,False,False,0,0,0,True,False,4,34.0,724,False,False,4,2,1,1,1,0,1,1
1,1,False,False,8,47,False,False,True,False,0,0,0,True,False,7,44.0,408,False,False,1,1,1,1,1,2,1,1
1,1,False,False,8,48,False,False,False,False,0,0,0,True,False,0,0,263,False,False,0,0,1,1,1,0,1,1
1,0,False,False,10,72,False,False,False,False,0,0,0,True,False,3,19.5,405,False,False,2,2,1,1,1,0,1,1
1,1,False,False,9,69,False,False,False,False,0,0,0,True,False,0,0,1785,False,False,0,0,1,1,1,0,1,1
1,0,False,False,4,25,False,False,False,False,0,0,0,True,False,0,63.0,83,False,False,1,1,1,1,1,0,1,1
1,1,False,False,6,58,False,False,False,False,0,0,0,True,False,0,0,408,False,False,0,0,1,1,1,0,1,1
1,0,False,False,5,43,False,False,True,False,0,0,0,True,False,1,40.0,24,False,False,2,1,1,1,1,1,1,1
1,0,False,False,3,27,False,False,False,False,0,0,0,True,False,14,37.5,549,False,True,1,2,1,0,1,0,1,1
1,0,False,False,4,33,False,False,False,False,0,0,0,True,False,6,10.0,119,False,False,1,1,1,1,1,0,1,1
1,0,False,False,4,28,False,False,False,False,0,0,0,True,False,7,22.0,348,False,False,2,2,1,1,1,0,1,1
